[{"id":"user-image-bg.jpg","publicUrl":"np://user.desktop.nicepage.com/Site_64127432/images/bg.jpg","size":28622,"hash":"iargA2eVJzvALbKuudSGupQADKs=","fileName":"bg.jpg","name":"bg","width":1900,"height":1086,"thumbnail":{"url":"np://user.desktop.nicepage.com/Site_64127432/images/thumbnails/bg.jpg","width":250,"height":143},"folderId":null,"originalUrl":"//images03.nicepage.com/c461c07a441a5d220e8feb1a/4fd85884ef125c78a75d52de/bg.jpg","usages":["23177808"]},{"id":"user-image-sd-min.jpg","publicUrl":"np://user.desktop.nicepage.com/Site_64127432/images/sd-min.jpg","size":118747,"hash":"0G+zsvSbI3kJZbatCEqo45pTia4=","fileName":"sd-min.jpg","name":"sd-min","width":1200,"height":1085,"thumbnail":{"url":"np://user.desktop.nicepage.com/Site_64127432/images/thumbnails/sd-min.jpg","width":250,"height":226},"folderId":null,"originalUrl":"//images03.nicepage.com/c461c07a441a5d220e8feb1a/c422f6d6ed935f9182ef06f2/sd-min.jpg","usages":["23177808"]},{"id":"user-image-2e69aabe-c496-6658-d688-2612508a6b44.jpg","publicUrl":"np://user.desktop.nicepage.com/Site_64127432/images/2e69aabe-c496-6658-d688-2612508a6b44.jpg","size":114742,"hash":"fnzZXRyfpfe9TYSbtuYPEXslgPo=","fileName":"2e69aabe-c496-6658-d688-2612508a6b44.jpg","name":"2e69aabe-c496-6658-d688-2612508a6b44","width":900,"height":1007,"thumbnail":{"url":"np://user.desktop.nicepage.com/Site_64127432/images/thumbnails/2e69aabe-c496-6658-d688-2612508a6b44.jpg","width":223,"height":250},"folderId":null,"originalUrl":"//images03.nicepage.com/c461c07a441a5d220e8feb1a/890a23fe9865576993c775a4/2e69aabe-c496-6658-d688-2612508a6b44.jpg","usages":["23177808"]},{"id":"user-image-min.jpg","publicUrl":"np://user.desktop.nicepage.com/Site_64127432/images/min.jpg","size":86304,"hash":"dOc25X0pMu0uhkgPYgQNW/L54/o=","fileName":"min.jpg","name":"min","width":900,"height":1104,"thumbnail":{"url":"np://user.desktop.nicepage.com/Site_64127432/images/thumbnails/min.jpg","width":204,"height":250},"folderId":null,"originalUrl":"//images03.nicepage.com/c461c07a441a5d220e8feb1a/aaab818011ea5084970a7b1e/min.jpg","usages":["23177808"]},{"id":"user-image-LogoOnly.png","publicUrl":"np://user.desktop.nicepage.com/Site_64127432/images/LogoOnly.png","size":60526,"hash":"J0ZaM7xGE2dy8kbJ0fQFs85Xypg=","fileName":"LogoOnly.png","name":"LogoOnly","width":640,"height":640,"thumbnail":{"url":"np://user.desktop.nicepage.com/Site_64127432/images/thumbnails/LogoOnly.png","width":250,"height":250},"folderId":null,"usages":["23177808"]},{"id":"user-image-VACCINEVERITYLOGO.jpg","publicUrl":"np://user.desktop.nicepage.com/Site_64127432/images/VACCINEVERITYLOGO.jpg","size":58683,"hash":"p+FtRQGmODBppSP2j128DWf2cqk=","fileName":"VACCINEVERITYLOGO.jpg","name":"VACCINEVERITYLOGO","width":766,"height":115,"thumbnail":{"url":"np://user.desktop.nicepage.com/Site_64127432/images/thumbnails/VACCINEVERITYLOGO.jpg","width":250,"height":38},"folderId":null,"usages":[]},{"id":"user-image-5d3864768d66422b480be455.webp","publicUrl":"np://user.desktop.nicepage.com/Site_64127432/images/5d3864768d66422b480be455.webp","size":3384802,"hash":"9XcI7O7ce+bQk9POpYSfyUHrvVo=","fileName":"5d3864768d66422b480be455.webp","name":"5d3864768d66422b480be455","width":2400,"height":1800,"thumbnail":{"url":"np://user.desktop.nicepage.com/Site_64127432/images/5d3864768d66422b480be455.webp","width":250,"height":188},"folderId":null,"usages":["23177808"]},{"id":"user-image-pic01.jpg","publicUrl":"np://user.desktop.nicepage.com/Site_64127432/images/pic01.jpg","size":96751,"hash":"acGsX9U0mI0GZmgQBaRfPueTldU=","fileName":"pic01.jpg","name":"pic01","width":961,"height":962,"thumbnail":{"url":"np://user.desktop.nicepage.com/Site_64127432/images/thumbnails/pic01.jpg","width":250,"height":250},"folderId":null,"usages":["23177808"]},{"id":"user-image-pic02.jpg","publicUrl":"np://user.desktop.nicepage.com/Site_64127432/images/pic02.jpg","size":764537,"hash":"aujNbRdXA5WDfHJ9yP8bQAFlxl0=","fileName":"pic02.jpg","name":"pic02","width":1920,"height":1920,"thumbnail":{"url":"np://user.desktop.nicepage.com/Site_64127432/images/thumbnails/pic02.jpg","width":250,"height":250},"folderId":null,"usages":["23177808"]},{"id":"user-image-pic03.jpg","publicUrl":"np://user.desktop.nicepage.com/Site_64127432/images/pic03.jpg","size":409104,"hash":"IpMp+V2AZB0f0pWdoPlJPsBM9iI=","fileName":"pic03.jpg","name":"pic03","width":1536,"height":2048,"thumbnail":{"url":"np://user.desktop.nicepage.com/Site_64127432/images/thumbnails/pic03.jpg","width":188,"height":250},"folderId":null,"usages":["23177808"]},{"id":"user-image-favicon1.png","publicUrl":"np://user.desktop.nicepage.com/Site_64127432/images/favicon1.png","size":71372,"hash":"puT7fsAwqencvhkEc/V0aUzCyRI=","fileName":"favicon1.png","name":"favicon1","width":640,"height":640,"thumbnail":{"url":"np://user.desktop.nicepage.com/Site_64127432/images/thumbnails/favicon1.png","width":250,"height":250},"folderId":null,"usages":["23177808"]},{"id":"user-image-59954408_905.jpeg","publicUrl":"np://user.desktop.nicepage.com/Site_64127432/images/59954408_905.jpeg","size":50781,"hash":"x0zDV3SaWyAUs06zYeVk+0JMQCU=","fileName":"59954408_905.jpeg","name":"59954408_905","width":960,"height":519,"thumbnail":{"url":"np://user.desktop.nicepage.com/Site_64127432/images/thumbnails/59954408_905.jpeg","width":250,"height":135},"folderId":null,"usages":["23177808"]},{"id":"user-image-gen4-duterte-flag-phones_2018-06-12_22-37-041.jpg","publicUrl":"np://user.desktop.nicepage.com/Site_64127432/images/gen4-duterte-flag-phones_2018-06-12_22-37-041.jpg","size":449248,"hash":"tExeIy1f54ALilF5GzLyb0OkhRw=","fileName":"gen4-duterte-flag-phones_2018-06-12_22-37-041.jpg","name":"gen4-duterte-flag-phones_2018-06-12_22-37-041","width":914,"height":614,"thumbnail":{"url":"np://user.desktop.nicepage.com/Site_64127432/images/thumbnails/gen4-duterte-flag-phones_2018-06-12_22-37-041.jpg","width":250,"height":168},"folderId":null,"usages":["23177808"]},{"id":"user-image-266692-800x533r1-many-cultures.webp","publicUrl":"np://user.desktop.nicepage.com/Site_64127432/images/266692-800x533r1-many-cultures.webp","size":47420,"hash":"/+co9WjuZ64cQ3CbvsFGIeaiX5c=","fileName":"266692-800x533r1-many-cultures.webp","name":"266692-800x533r1-many-cultures","width":800,"height":533,"thumbnail":{"url":"np://user.desktop.nicepage.com/Site_64127432/images/266692-800x533r1-many-cultures.webp","width":250,"height":167},"folderId":null,"usages":["23177808"]},{"id":"user-image-Untitleddesign.png","publicUrl":"np://user.desktop.nicepage.com/Site_64127432/images/Untitleddesign.png","size":1053660,"hash":"lbCNO0DO9Xm8bI7DV6C8hRAlfUk=","fileName":"Untitleddesign.png","name":"Untitleddesign","width":1920,"height":1080,"thumbnail":{"url":"np://user.desktop.nicepage.com/Site_64127432/images/thumbnails/Untitleddesign.png","width":250,"height":141},"folderId":null,"usages":["62795421"]},{"id":"user-image-Logo_of_Twitter.svg.png","publicUrl":"np://user.desktop.nicepage.com/Site_64127432/images/Logo_of_Twitter.svg.png","size":13512,"hash":"PuHYG7qXmK8TFKqgs5NCn3mrNTw=","fileName":"Logo_of_Twitter.svg.png","name":"Logo_of_Twitter.svg","width":1024,"height":842,"thumbnail":{"url":"np://user.desktop.nicepage.com/Site_64127432/images/thumbnails/Logo_of_Twitter.svg.png","width":250,"height":206},"folderId":null,"usages":["81352127"]},{"id":"user-image-242915609-0.png","publicUrl":"np://user.desktop.nicepage.com/Site_64127432/images/242915609-0.png","size":753850,"hash":"7OCcDrUArGDjhV4x/xVuSECS9ek=","fileName":"242915609-0.png","name":"242915609-0","width":1434,"height":1000,"thumbnail":{"url":"np://user.desktop.nicepage.com/Site_64127432/images/thumbnails/242915609-0.png","width":250,"height":174},"folderId":null,"usages":["242915609","60597783","88471246"]}]